{
	"comment" : "This file enables Public Gui Announcement to communicate open screens and containers from SecurityCraft between players with a small visual", 
	"screens" : [{
			"class" : "net.geforcemods.securitycraft.screen.BlockPocketManagerScreen", 
			"texture" : "securitycraft:textures/gui/container/blank.png"
		}, {
			"class" : "net.geforcemods.securitycraft.containers.GenericContainer", 
			"texture" : "securitycraft:textures/gui/container/blank.png"
		}, {
			"class" : "net.geforcemods.securitycraft.screen.CameraMonitorScreen", 
			"texture" : "securitycraft:textures/gui/container/blank.png"
		}, {
			"class" : "net.geforcemods.securitycraft.containers.GenericTEContainer", 
			"texture" : "securitycraft:textures/gui/container/blank.png"
		}, {
			"class" : "net.geforcemods.securitycraft.screen.EditModuleScreen", 
			"texture" : "securitycraft:textures/gui/container/blank.png"
		}, {
			"class" : "net.geforcemods.securitycraft.containers.BlockReinforcerContainer", 
			"texture" : "securitycraft:textures/gui/container/customize1.png"
		}, {
			"class" : "net.geforcemods.securitycraft.containers.DisguiseModuleContainer", 
			"texture" : "securitycraft:textures/gui/container/customize1.png"
		}, {
			"class" : "net.geforcemods.securitycraft.screen.EditSecretSignScreen", 
			"texture" : "publicguiannouncement:textures/gui/sign_edit.png", 
			"fullSize" : 255
		}, {
			"class" : "net.geforcemods.securitycraft.containers.KeypadFurnaceContainer", 
			"texture" : "minecraft:textures/gui/container/furnace.png"
		}, {
			"class" : "net.geforcemods.securitycraft.containers.BriefcaseContainer", 
			"texture" : "securitycraft:textures/gui/container/briefcase_inventory.png"
		}, {
			"class" : "net.geforcemods.securitycraft.screen.MineRemoteAccessToolScreen", 
			"texture" : "securitycraft:textures/gui/container/mrat.png", 
			"size" : [255, 184]
		}, {
			"class" : "net.geforcemods.securitycraft.screen.SentryRemoteAccessToolScreen", 
			"texture" : "securitycraft:textures/gui/container/srat.png", 
			"size" : [440, 215]
		}, {
			"class" : "net.geforcemods.securitycraft.screen.SCManualScreen", 
			"texture" : "securitycraft:textures/gui/info_book_title_page.png", 
			"size" : [255, 180]
		}, {
			"class" : "net.geforcemods.securitycraft.containers.CustomizeBlockContainer", 
			"texture" : "securitycraft:textures/gui/container/customize3.png"
		}, {
			"class" : "net.geforcemods.securitycraft.screen.InventoryScannerScreen", 
			"texture" : "securitycraft:textures/gui/container/inventory_scanner_gui.png", 
			"size" : [175, 196]
		}]
}
