{
  "variants": {
    "face=ceiling,facing=east,powered=false": {
      "model": "securitycraft:block/key_panel_off",
      "y": 270,
      "x": 180
    },
    "face=ceiling,facing=east,powered=true": {
      "model": "securitycraft:block/key_panel_on",
      "y": 270,
      "x": 180
    },
    "face=ceiling,facing=north,powered=false": {
      "model": "securitycraft:block/key_panel_off",
      "y": 180,
      "x": 180
    },
    "face=ceiling,facing=north,powered=true": {
      "model": "securitycraft:block/key_panel_on",
      "y": 180,
      "x": 180
    },
    "face=ceiling,facing=south,powered=false": {
      "model": "securitycraft:block/key_panel_off",
      "x": 180
    },
    "face=ceiling,facing=south,powered=true": {
      "model": "securitycraft:block/key_panel_on",
      "x": 180
    },
    "face=ceiling,facing=west,powered=false": {
      "model": "securitycraft:block/key_panel_off",
      "y": 90,
      "x": 180
    },
    "face=ceiling,facing=west,powered=true": {
      "model": "securitycraft:block/key_panel_on",
      "y": 90,
      "x": 180
    },
    "face=floor,facing=east,powered=false": {
      "model": "securitycraft:block/key_panel_off",
      "y": 90
    },
    "face=floor,facing=east,powered=true": {
      "model": "securitycraft:block/key_panel_on",
      "y": 90
    },
    "face=floor,facing=north,powered=false": {
      "model": "securitycraft:block/key_panel_off"
    },
    "face=floor,facing=north,powered=true": {
      "model": "securitycraft:block/key_panel_on"
    },
    "face=floor,facing=south,powered=false": {
      "model": "securitycraft:block/key_panel_off",
      "y": 180
    },
    "face=floor,facing=south,powered=true": {
      "model": "securitycraft:block/key_panel_on",
      "y": 180
    },
    "face=floor,facing=west,powered=false": {
      "model": "securitycraft:block/key_panel_off",
      "y": 270
    },
    "face=floor,facing=west,powered=true": {
      "model": "securitycraft:block/key_panel_on",
      "y": 270
    },
    "face=wall,facing=east,powered=false": {
      "model": "securitycraft:block/key_panel_off",
      "y": 270,
      "x": 270
    },
    "face=wall,facing=east,powered=true": {
      "model": "securitycraft:block/key_panel_on",
      "y": 270,
      "x": 270
    },
    "face=wall,facing=north,powered=false": {
      "model": "securitycraft:block/key_panel_off",
      "x": 270,
      "y": 180
    },
    "face=wall,facing=north,powered=true": {
      "model": "securitycraft:block/key_panel_on",
      "x": 270,
      "y": 180
    },
    "face=wall,facing=south,powered=false": {
      "model": "securitycraft:block/key_panel_off",
      "x": 270
    },
    "face=wall,facing=south,powered=true": {
      "model": "securitycraft:block/key_panel_on",
      "x": 270
    },
    "face=wall,facing=west,powered=false": {
      "model": "securitycraft:block/key_panel_off",
      "y": 90,
      "x": 270
    },
    "face=wall,facing=west,powered=true": {
      "model": "securitycraft:block/key_panel_on",
      "y": 90,
      "x": 270
    }
  }
}