{
    "variants": {
        "facing=north,powered=true": { "model": "securitycraft:block/keycard_reader_on" },
        "facing=south,powered=true": { "model": "securitycraft:block/keycard_reader_on", "y": 180 },
        "facing=west,powered=true":  { "model": "securitycraft:block/keycard_reader_on", "y": 270 },
        "facing=east,powered=true":  { "model": "securitycraft:block/keycard_reader_on", "y": 90 },
        "facing=north,powered=false": { "model": "securitycraft:block/keycard_reader_off" },
        "facing=south,powered=false": { "model": "securitycraft:block/keycard_reader_off", "y": 180 },
        "facing=west,powered=false":  { "model": "securitycraft:block/keycard_reader_off", "y": 270 },
        "facing=east,powered=false":  { "model": "securitycraft:block/keycard_reader_off", "y": 90 }
    }
}
