{
  "variants": {
    "facing=east,frog=false,lid_facing=down,open=false": { "model": "securitycraft:block/keypad_barrel", "y": 270, "x": 180 },
    "facing=north,frog=false,lid_facing=down,open=false": { "model": "securitycraft:block/keypad_barrel", "y": 180, "x": 180 },
    "facing=south,frog=false,lid_facing=down,open=false": { "model": "securitycraft:block/keypad_barrel", "x": 180 },
    "facing=west,frog=false,lid_facing=down,open=false": { "model": "securitycraft:block/keypad_barrel", "y": 90, "x": 180 },
    "facing=east,frog=false,lid_facing=sideways,open=false": { "model": "securitycraft:block/keypad_barrel", "y": 270, "x": 270 },
    "facing=north,frog=false,lid_facing=sideways,open=false": { "model": "securitycraft:block/keypad_barrel", "y": 180, "x": 270 },
    "facing=south,frog=false,lid_facing=sideways,open=false": { "model": "securitycraft:block/keypad_barrel", "x": 270 },
    "facing=west,frog=false,lid_facing=sideways,open=false": { "model": "securitycraft:block/keypad_barrel", "y": 90, "x": 270 },
    "facing=east,frog=false,lid_facing=up,open=false": { "model": "securitycraft:block/keypad_barrel", "y": 270 },
    "facing=north,frog=false,lid_facing=up,open=false": { "model": "securitycraft:block/keypad_barrel", "y": 180 },
    "facing=south,frog=false,lid_facing=up,open=false": { "model": "securitycraft:block/keypad_barrel" },
    "facing=west,frog=false,lid_facing=up,open=false": { "model": "securitycraft:block/keypad_barrel", "y": 90 },
    "facing=east,frog=false,lid_facing=down,open=true": { "model": "securitycraft:block/keypad_barrel_open", "y": 270, "x": 180 },
    "facing=north,frog=false,lid_facing=down,open=true": { "model": "securitycraft:block/keypad_barrel_open", "y": 180, "x": 180 },
    "facing=south,frog=false,lid_facing=down,open=true": { "model": "securitycraft:block/keypad_barrel_open", "x": 180 },
    "facing=west,frog=false,lid_facing=down,open=true": { "model": "securitycraft:block/keypad_barrel_open", "y": 90, "x": 180 },
    "facing=east,frog=false,lid_facing=sideways,open=true": { "model": "securitycraft:block/keypad_barrel_open", "y": 270, "x": 270 },
    "facing=north,frog=false,lid_facing=sideways,open=true": { "model": "securitycraft:block/keypad_barrel_open", "y": 180, "x": 270 },
    "facing=south,frog=false,lid_facing=sideways,open=true": { "model": "securitycraft:block/keypad_barrel_open", "x": 270 },
    "facing=west,frog=false,lid_facing=sideways,open=true": { "model": "securitycraft:block/keypad_barrel_open", "y": 90, "x": 270 },
    "facing=east,frog=false,lid_facing=up,open=true": { "model": "securitycraft:block/keypad_barrel_open", "y": 270 },
    "facing=north,frog=false,lid_facing=up,open=true": { "model": "securitycraft:block/keypad_barrel_open", "y": 180 },
    "facing=south,frog=false,lid_facing=up,open=true": { "model": "securitycraft:block/keypad_barrel_open" },
    "facing=west,frog=false,lid_facing=up,open=true": { "model": "securitycraft:block/keypad_barrel_open", "y": 90 },
    "facing=east,frog=true,lid_facing=down,open=false": { "model": "securitycraft:block/keypad_barrel_frog", "y": 270, "x": 180 },
    "facing=north,frog=true,lid_facing=down,open=false": { "model": "securitycraft:block/keypad_barrel_frog", "y": 180, "x": 180 },
    "facing=south,frog=true,lid_facing=down,open=false": { "model": "securitycraft:block/keypad_barrel_frog", "x": 180 },
    "facing=west,frog=true,lid_facing=down,open=false": { "model": "securitycraft:block/keypad_barrel_frog", "y": 90, "x": 180 },
    "facing=east,frog=true,lid_facing=sideways,open=false": { "model": "securitycraft:block/keypad_barrel_frog", "y": 270, "x": 270 },
    "facing=north,frog=true,lid_facing=sideways,open=false": { "model": "securitycraft:block/keypad_barrel_frog", "y": 180, "x": 270 },
    "facing=south,frog=true,lid_facing=sideways,open=false": { "model": "securitycraft:block/keypad_barrel_frog", "x": 270 },
    "facing=west,frog=true,lid_facing=sideways,open=false": { "model": "securitycraft:block/keypad_barrel_frog", "y": 90, "x": 270 },
    "facing=east,frog=true,lid_facing=up,open=false": { "model": "securitycraft:block/keypad_barrel_frog", "y": 270 },
    "facing=north,frog=true,lid_facing=up,open=false": { "model": "securitycraft:block/keypad_barrel_frog", "y": 180 },
    "facing=south,frog=true,lid_facing=up,open=false": { "model": "securitycraft:block/keypad_barrel_frog" },
    "facing=west,frog=true,lid_facing=up,open=false": { "model": "securitycraft:block/keypad_barrel_frog", "y": 90 },
    "facing=east,frog=true,lid_facing=down,open=true": { "model": "securitycraft:block/keypad_barrel_frog_open", "y": 270, "x": 180 },
    "facing=north,frog=true,lid_facing=down,open=true": { "model": "securitycraft:block/keypad_barrel_frog_open", "y": 180, "x": 180 },
    "facing=south,frog=true,lid_facing=down,open=true": { "model": "securitycraft:block/keypad_barrel_frog_open", "x": 180 },
    "facing=west,frog=true,lid_facing=down,open=true": { "model": "securitycraft:block/keypad_barrel_frog_open", "y": 90, "x": 180 },
    "facing=east,frog=true,lid_facing=sideways,open=true": { "model": "securitycraft:block/keypad_barrel_frog_open", "y": 270, "x": 270 },
    "facing=north,frog=true,lid_facing=sideways,open=true": { "model": "securitycraft:block/keypad_barrel_frog_open", "y": 180, "x": 270 },
    "facing=south,frog=true,lid_facing=sideways,open=true": { "model": "securitycraft:block/keypad_barrel_frog_open", "x": 270 },
    "facing=west,frog=true,lid_facing=sideways,open=true": { "model": "securitycraft:block/keypad_barrel_frog_open", "y": 90, "x": 270 },
    "facing=east,frog=true,lid_facing=up,open=true": { "model": "securitycraft:block/keypad_barrel_frog_open", "y": 270 },
    "facing=north,frog=true,lid_facing=up,open=true": { "model": "securitycraft:block/keypad_barrel_frog_open", "y": 180 },
    "facing=south,frog=true,lid_facing=up,open=true": { "model": "securitycraft:block/keypad_barrel_frog_open" },
    "facing=west,frog=true,lid_facing=up,open=true": { "model": "securitycraft:block/keypad_barrel_frog_open", "y": 90 }
  }
}