{
    "variants": {
        "facing=down": { "model": "securitycraft:block/reinforced_dispenser_vertical", "x": 180 },
        "facing=east": { "model": "securitycraft:block/reinforced_dispenser", "y": 90 },
        "facing=north": { "model": "securitycraft:block/reinforced_dispenser" },
        "facing=south": { "model": "securitycraft:block/reinforced_dispenser", "y": 180 },
        "facing=up": { "model": "securitycraft:block/reinforced_dispenser_vertical" },
        "facing=west": { "model": "securitycraft:block/reinforced_dispenser", "y": 270 }
    }
}