{
  "variants": {
    "face=floor,facing=east,powered=false":  { "model": "securitycraft:block/reinforced_stone_button", "y": 90 },
    "face=floor,facing=west,powered=false":  { "model": "securitycraft:block/reinforced_stone_button", "y": 270 },
    "face=floor,facing=south,powered=false": { "model": "securitycraft:block/reinforced_stone_button", "y": 180 },
    "face=floor,facing=north,powered=false": { "model": "securitycraft:block/reinforced_stone_button" },
    "face=wall,facing=east,powered=false":  { "model": "securitycraft:block/reinforced_stone_button", "uvlock": true, "x": 90, "y": 90 },
    "face=wall,facing=west,powered=false":  { "model": "securitycraft:block/reinforced_stone_button", "uvlock": true, "x": 90, "y": 270 },
    "face=wall,facing=south,powered=false": { "model": "securitycraft:block/reinforced_stone_button", "uvlock": true, "x": 90, "y": 180 },
    "face=wall,facing=north,powered=false": { "model": "securitycraft:block/reinforced_stone_button", "uvlock": true, "x": 90 },
    "face=ceiling,facing=east,powered=false":  { "model": "securitycraft:block/reinforced_stone_button", "x": 180, "y": 270 },
    "face=ceiling,facing=west,powered=false":  { "model": "securitycraft:block/reinforced_stone_button", "x": 180, "y": 90 },
    "face=ceiling,facing=south,powered=false": { "model": "securitycraft:block/reinforced_stone_button", "x": 180 },
    "face=ceiling,facing=north,powered=false": { "model": "securitycraft:block/reinforced_stone_button", "x": 180, "y": 180 },
    "face=floor,facing=east,powered=true":  { "model": "securitycraft:block/reinforced_stone_button_pressed", "y": 90 },
    "face=floor,facing=west,powered=true":  { "model": "securitycraft:block/reinforced_stone_button_pressed", "y": 270 },
    "face=floor,facing=south,powered=true": { "model": "securitycraft:block/reinforced_stone_button_pressed", "y": 180 },
    "face=floor,facing=north,powered=true": { "model": "securitycraft:block/reinforced_stone_button_pressed" },
    "face=wall,facing=east,powered=true":  { "model": "securitycraft:block/reinforced_stone_button_pressed", "uvlock": true, "x": 90, "y": 90 },
    "face=wall,facing=west,powered=true":  { "model": "securitycraft:block/reinforced_stone_button_pressed", "uvlock": true, "x": 90, "y": 270 },
    "face=wall,facing=south,powered=true": { "model": "securitycraft:block/reinforced_stone_button_pressed", "uvlock": true, "x": 90, "y": 180 },
    "face=wall,facing=north,powered=true": { "model": "securitycraft:block/reinforced_stone_button_pressed", "uvlock": true, "x": 90 },
    "face=ceiling,facing=east,powered=true":  { "model": "securitycraft:block/reinforced_stone_button_pressed", "x": 180, "y": 270 },
    "face=ceiling,facing=west,powered=true":  { "model": "securitycraft:block/reinforced_stone_button_pressed", "x": 180, "y": 90 },
    "face=ceiling,facing=south,powered=true": { "model": "securitycraft:block/reinforced_stone_button_pressed", "x": 180 },
    "face=ceiling,facing=north,powered=true": { "model": "securitycraft:block/reinforced_stone_button_pressed", "x": 180, "y": 180 }
  }
}