{
  "variants": {
    "facing=up,powered=false": { "model": "securitycraft:block/reinforced_observer", "x": 270 },
    "facing=down,powered=false": { "model": "securitycraft:block/reinforced_observer", "x": 90 },
    "facing=north,powered=false": { "model": "securitycraft:block/reinforced_observer" },
    "facing=south,powered=false": { "model": "securitycraft:block/reinforced_observer", "y": 180 },
    "facing=west,powered=false": { "model": "securitycraft:block/reinforced_observer", "y": 270 },
    "facing=east,powered=false": { "model": "securitycraft:block/reinforced_observer", "y": 90 },
    "facing=up,powered=true": { "model": "securitycraft:block/reinforced_observer_on", "x": 270 },
    "facing=down,powered=true": { "model": "securitycraft:block/reinforced_observer_on", "x": 90 },
    "facing=north,powered=true": { "model": "securitycraft:block/reinforced_observer_on" },
    "facing=south,powered=true": { "model": "securitycraft:block/reinforced_observer_on", "y": 180 },
    "facing=west,powered=true": { "model": "securitycraft:block/reinforced_observer_on", "y": 270 },
    "facing=east,powered=true": { "model": "securitycraft:block/reinforced_observer_on", "y": 90 }
  }
}