{
    "variants": {
        "facing=north,powered=false": { "model": "securitycraft:block/retinal_scanner" },
        "facing=south,powered=false": { "model": "securitycraft:block/retinal_scanner", "y": 180 },
        "facing=west,powered=false":  { "model": "securitycraft:block/retinal_scanner", "y": 270 },
        "facing=east,powered=false":  { "model": "securitycraft:block/retinal_scanner", "y": 90 },
        "facing=north,powered=true": { "model": "securitycraft:block/retinal_scanner" },
        "facing=south,powered=true": { "model": "securitycraft:block/retinal_scanner", "y": 180 },
        "facing=west,powered=true":  { "model": "securitycraft:block/retinal_scanner", "y": 270 },
        "facing=east,powered=true":  { "model": "securitycraft:block/retinal_scanner", "y": 90 }
    }
}
