{
    "variants": {
        "facing=north,half=lower,powered=false": { "model": "securitycraft:block/rift_stabilizer_bottom_off" },
        "facing=north,half=lower,powered=true": { "model": "securitycraft:block/rift_stabilizer_bottom_on" },
        "facing=south,half=lower,powered=false": { "model": "securitycraft:block/rift_stabilizer_bottom_off", "y": 180 },
        "facing=south,half=lower,powered=true": { "model": "securitycraft:block/rift_stabilizer_bottom_on", "y": 180 },
        "facing=west,half=lower,powered=false": { "model": "securitycraft:block/rift_stabilizer_bottom_off", "y": 270 },
        "facing=west,half=lower,powered=true": { "model": "securitycraft:block/rift_stabilizer_bottom_on", "y": 270 },
        "facing=east,half=lower,powered=false": { "model": "securitycraft:block/rift_stabilizer_bottom_off", "y": 90 },
        "facing=east,half=lower,powered=true": { "model": "securitycraft:block/rift_stabilizer_bottom_on", "y": 90 },
        "facing=north,half=upper,powered=false":  { "model": "securitycraft:block/rift_stabilizer_top" },
        "facing=north,half=upper,powered=true":  { "model": "securitycraft:block/rift_stabilizer_top" },
        "facing=south,half=upper,powered=false":  { "model": "securitycraft:block/rift_stabilizer_top", "y": 180 },
        "facing=south,half=upper,powered=true":  { "model": "securitycraft:block/rift_stabilizer_top", "y": 180 },
        "facing=west,half=upper,powered=false":  { "model": "securitycraft:block/rift_stabilizer_top", "y": 270 },
        "facing=west,half=upper,powered=true":  { "model": "securitycraft:block/rift_stabilizer_top", "y": 270 },
        "facing=east,half=upper,powered=false":  { "model": "securitycraft:block/rift_stabilizer_top", "y": 90 },
        "facing=east,half=upper,powered=true":  { "model": "securitycraft:block/rift_stabilizer_top", "y": 90 }
    }
}
