{
    "variants": {
        "facing=north,half=bottom,open=false": { "model": "securitycraft:block/scanner_trapdoor_bottom", "y": 180 },
        "facing=south,half=bottom,open=false": { "model": "securitycraft:block/scanner_trapdoor_bottom" },
        "facing=east,half=bottom,open=false": { "model": "securitycraft:block/scanner_trapdoor_bottom", "y": 270 },
        "facing=west,half=bottom,open=false": { "model": "securitycraft:block/scanner_trapdoor_bottom", "y": 90 },
        "facing=north,half=top,open=false": { "model": "securitycraft:block/scanner_trapdoor_top", "y": 180 },
        "facing=south,half=top,open=false": { "model": "securitycraft:block/scanner_trapdoor_top" },
        "facing=east,half=top,open=false": { "model": "securitycraft:block/scanner_trapdoor_top", "y": 270 },
        "facing=west,half=top,open=false": { "model": "securitycraft:block/scanner_trapdoor_top", "y": 90 },
        "facing=north,half=bottom,open=true": { "model": "securitycraft:block/scanner_trapdoor_open", "z": 180 },
        "facing=south,half=bottom,open=true": { "model": "securitycraft:block/scanner_trapdoor_open", "y": 180, "z": 180 },
        "facing=east,half=bottom,open=true": { "model": "securitycraft:block/scanner_trapdoor_open", "y": 90, "z": 180 },
        "facing=west,half=bottom,open=true": { "model": "securitycraft:block/scanner_trapdoor_open", "y": 270, "z": 180 },
        "facing=north,half=top,open=true": { "model": "securitycraft:block/scanner_trapdoor_open" },
        "facing=south,half=top,open=true": { "model": "securitycraft:block/scanner_trapdoor_open", "y": 180 },
        "facing=east,half=top,open=true": { "model": "securitycraft:block/scanner_trapdoor_open", "y": 90 },
        "facing=west,half=top,open=true": { "model": "securitycraft:block/scanner_trapdoor_open", "y": 270 }
    }
}
