{
    "variants": {
        "facing=east,half=lower,hinge=left,open=false,powered=false":  { "model": "securitycraft:block/scanner_door_bottom_left" },
        "facing=south,half=lower,hinge=left,open=false,powered=false": { "model": "securitycraft:block/scanner_door_bottom_left", "y": 90 },
        "facing=west,half=lower,hinge=left,open=false,powered=false":  { "model": "securitycraft:block/scanner_door_bottom_left", "y": 180 },
        "facing=north,half=lower,hinge=left,open=false,powered=false": { "model": "securitycraft:block/scanner_door_bottom_left", "y": 270 },
        "facing=east,half=lower,hinge=right,open=false,powered=false":  { "model": "securitycraft:block/scanner_door_bottom_right" },
        "facing=south,half=lower,hinge=right,open=false,powered=false": { "model": "securitycraft:block/scanner_door_bottom_right", "y": 90 },
        "facing=west,half=lower,hinge=right,open=false,powered=false":  { "model": "securitycraft:block/scanner_door_bottom_right", "y": 180 },
        "facing=north,half=lower,hinge=right,open=false,powered=false": { "model": "securitycraft:block/scanner_door_bottom_right", "y": 270 },
        "facing=east,half=lower,hinge=left,open=true,powered=false":  { "model": "securitycraft:block/scanner_door_bottom_left_open", "y": 90 },
        "facing=south,half=lower,hinge=left,open=true,powered=false": { "model": "securitycraft:block/scanner_door_bottom_left_open", "y": 180 },
        "facing=west,half=lower,hinge=left,open=true,powered=false":  { "model": "securitycraft:block/scanner_door_bottom_left_open", "y": 270 },
        "facing=north,half=lower,hinge=left,open=true,powered=false": { "model": "securitycraft:block/scanner_door_bottom_left_open" },
        "facing=east,half=lower,hinge=right,open=true,powered=false":  { "model": "securitycraft:block/scanner_door_bottom_right_open", "y": 270 },
        "facing=south,half=lower,hinge=right,open=true,powered=false": { "model": "securitycraft:block/scanner_door_bottom_right_open" },
        "facing=west,half=lower,hinge=right,open=true,powered=false":  { "model": "securitycraft:block/scanner_door_bottom_right_open", "y": 90 },
        "facing=north,half=lower,hinge=right,open=true,powered=false": { "model": "securitycraft:block/scanner_door_bottom_right_open", "y": 180 },
        "facing=east,half=upper,hinge=left,open=false,powered=false":  { "model": "securitycraft:block/scanner_door_top_left" },
        "facing=south,half=upper,hinge=left,open=false,powered=false": { "model": "securitycraft:block/scanner_door_top_left", "y": 90 },
        "facing=west,half=upper,hinge=left,open=false,powered=false":  { "model": "securitycraft:block/scanner_door_top_left", "y": 180 },
        "facing=north,half=upper,hinge=left,open=false,powered=false": { "model": "securitycraft:block/scanner_door_top_left", "y": 270 },
        "facing=east,half=upper,hinge=right,open=false,powered=false":  { "model": "securitycraft:block/scanner_door_top_right" },
        "facing=south,half=upper,hinge=right,open=false,powered=false": { "model": "securitycraft:block/scanner_door_top_right", "y": 90 },
        "facing=west,half=upper,hinge=right,open=false,powered=false":  { "model": "securitycraft:block/scanner_door_top_right", "y": 180 },
        "facing=north,half=upper,hinge=right,open=false,powered=false": { "model": "securitycraft:block/scanner_door_top_right", "y": 270 },
        "facing=east,half=upper,hinge=left,open=true,powered=false":  { "model": "securitycraft:block/scanner_door_top_left_open", "y": 90 },
        "facing=south,half=upper,hinge=left,open=true,powered=false": { "model": "securitycraft:block/scanner_door_top_left_open", "y": 180 },
        "facing=west,half=upper,hinge=left,open=true,powered=false":  { "model": "securitycraft:block/scanner_door_top_left_open", "y": 270 },
        "facing=north,half=upper,hinge=left,open=true,powered=false": { "model": "securitycraft:block/scanner_door_top_left_open" },
        "facing=east,half=upper,hinge=right,open=true,powered=false":  { "model": "securitycraft:block/scanner_door_top_right_open", "y": 270 },
        "facing=south,half=upper,hinge=right,open=true,powered=false": { "model": "securitycraft:block/scanner_door_top_right_open" },
        "facing=west,half=upper,hinge=right,open=true,powered=false":  { "model": "securitycraft:block/scanner_door_top_right_open", "y": 90 },
        "facing=north,half=upper,hinge=right,open=true,powered=false": { "model": "securitycraft:block/scanner_door_top_right_open", "y": 180 },
        "facing=east,half=lower,hinge=left,open=false,powered=true":  { "model": "securitycraft:block/scanner_door_bottom_left" },
        "facing=south,half=lower,hinge=left,open=false,powered=true": { "model": "securitycraft:block/scanner_door_bottom_left", "y": 90 },
        "facing=west,half=lower,hinge=left,open=false,powered=true":  { "model": "securitycraft:block/scanner_door_bottom_left", "y": 180 },
        "facing=north,half=lower,hinge=left,open=false,powered=true": { "model": "securitycraft:block/scanner_door_bottom_left", "y": 270 },
        "facing=east,half=lower,hinge=right,open=false,powered=true":  { "model": "securitycraft:block/scanner_door_bottom_right" },
        "facing=south,half=lower,hinge=right,open=false,powered=true": { "model": "securitycraft:block/scanner_door_bottom_right", "y": 90 },
        "facing=west,half=lower,hinge=right,open=false,powered=true":  { "model": "securitycraft:block/scanner_door_bottom_right", "y": 180 },
        "facing=north,half=lower,hinge=right,open=false,powered=true": { "model": "securitycraft:block/scanner_door_bottom_right", "y": 270 },
        "facing=east,half=lower,hinge=left,open=true,powered=true":  { "model": "securitycraft:block/scanner_door_bottom_left_open", "y": 90 },
        "facing=south,half=lower,hinge=left,open=true,powered=true": { "model": "securitycraft:block/scanner_door_bottom_left_open", "y": 180 },
        "facing=west,half=lower,hinge=left,open=true,powered=true":  { "model": "securitycraft:block/scanner_door_bottom_left_open", "y": 270 },
        "facing=north,half=lower,hinge=left,open=true,powered=true": { "model": "securitycraft:block/scanner_door_bottom_left_open" },
        "facing=east,half=lower,hinge=right,open=true,powered=true":  { "model": "securitycraft:block/scanner_door_bottom_right_open", "y": 270 },
        "facing=south,half=lower,hinge=right,open=true,powered=true": { "model": "securitycraft:block/scanner_door_bottom_right_open" },
        "facing=west,half=lower,hinge=right,open=true,powered=true":  { "model": "securitycraft:block/scanner_door_bottom_right_open", "y": 90 },
        "facing=north,half=lower,hinge=right,open=true,powered=true": { "model": "securitycraft:block/scanner_door_bottom_right_open", "y": 180 },
        "facing=east,half=upper,hinge=left,open=false,powered=true":  { "model": "securitycraft:block/scanner_door_top_left" },
        "facing=south,half=upper,hinge=left,open=false,powered=true": { "model": "securitycraft:block/scanner_door_top_left", "y": 90 },
        "facing=west,half=upper,hinge=left,open=false,powered=true":  { "model": "securitycraft:block/scanner_door_top_left", "y": 180 },
        "facing=north,half=upper,hinge=left,open=false,powered=true": { "model": "securitycraft:block/scanner_door_top_left", "y": 270 },
        "facing=east,half=upper,hinge=right,open=false,powered=true":  { "model": "securitycraft:block/scanner_door_top_right" },
        "facing=south,half=upper,hinge=right,open=false,powered=true": { "model": "securitycraft:block/scanner_door_top_right", "y": 90 },
        "facing=west,half=upper,hinge=right,open=false,powered=true":  { "model": "securitycraft:block/scanner_door_top_right", "y": 180 },
        "facing=north,half=upper,hinge=right,open=false,powered=true": { "model": "securitycraft:block/scanner_door_top_right", "y": 270 },
        "facing=east,half=upper,hinge=left,open=true,powered=true":  { "model": "securitycraft:block/scanner_door_top_left_open", "y": 90 },
        "facing=south,half=upper,hinge=left,open=true,powered=true": { "model": "securitycraft:block/scanner_door_top_left_open", "y": 180 },
        "facing=west,half=upper,hinge=left,open=true,powered=true":  { "model": "securitycraft:block/scanner_door_top_left_open", "y": 270 },
        "facing=north,half=upper,hinge=left,open=true,powered=true": { "model": "securitycraft:block/scanner_door_top_left_open" },
        "facing=east,half=upper,hinge=right,open=true,powered=true":  { "model": "securitycraft:block/scanner_door_top_right_open", "y": 270 },
        "facing=south,half=upper,hinge=right,open=true,powered=true": { "model": "securitycraft:block/scanner_door_top_right_open" },
        "facing=west,half=upper,hinge=right,open=true,powered=true":  { "model": "securitycraft:block/scanner_door_top_right_open", "y": 90 },
        "facing=north,half=upper,hinge=right,open=true,powered=true": { "model": "securitycraft:block/scanner_door_top_right_open", "y": 180 }
    }
}
