{
    "variants": {
        "facing=north": { "model": "securitycraft:block/security_camera" },
        "facing=south": { "model": "securitycraft:block/security_camera", "y": 180 },
        "facing=west":  { "model": "securitycraft:block/security_camera", "y": 270 },
        "facing=east":  { "model": "securitycraft:block/security_camera", "y": 90 },
        "being_viewed=false,facing=down":  { "model": "securitycraft:block/security_camera_ceiling", "x": 180 },
        "being_viewed=true,facing=down":  { "model": "securitycraft:block/security_camera_ceiling_viewing", "x": 180 }
    }
}
