{
  "variants": {
    "dusted=0,safe=false": {
      "model": "minecraft:block/suspicious_gravel_0"
    },
    "dusted=0,safe=true": {
      "model": "minecraft:block/suspicious_gravel_0"
    },
    "dusted=1,safe=false": {
      "model": "minecraft:block/suspicious_gravel_1"
    },
    "dusted=1,safe=true": {
      "model": "minecraft:block/suspicious_gravel_1"
    },
    "dusted=2,safe=false": {
      "model": "minecraft:block/suspicious_gravel_2"
    },
    "dusted=2,safe=true": {
      "model": "minecraft:block/suspicious_gravel_2"
    },
    "dusted=3,safe=false": {
      "model": "minecraft:block/suspicious_gravel_3"
    },
    "dusted=3,safe=true": {
      "model": "minecraft:block/suspicious_gravel_3"
    }
  }
}