{
	"ambientocclusion": false,
	"textures": {
		"particle": "securitycraft:block/alarm_particle_texture",
		"0": "securitycraft:block/alarm_top_deactivated",
		"2": "securitycraft:block/alarm_sides_deactivated"
	},
	"elements": [
		{
			"name": "cube",
			"from": [
				4,
				0,
				4
			],
			"to": [
				12,
				8,
				12
			],
			"faces": {
				"north": {
					"uv": [
						4,
						8,
						12,
						16
					],
					"texture": "#2"
				},
				"east": {
					"uv": [
						4,
						8,
						12,
						16
					],
					"texture": "#2"
				},
				"south": {
					"uv": [
						4,
						8,
						12,
						16
					],
					"texture": "#2"
				},
				"west": {
					"uv": [
						4,
						8,
						12,
						16
					],
					"texture": "#2"
				},
				"up": {
					"uv": [
						4,
						4,
						12,
						12
					],
					"texture": "#0"
				},
				"down": {
					"uv": [
						4,
						4,
						12,
						12
					],
					"texture": "#0",
					"cullface": "down"
				}
			},
			"type": "cube"
		}
	],
    "display": {
        "gui": {
            "rotation": [ 30, 225, 0 ],
            "translation": [ 0, 0, 0],
            "scale":[ 0.625, 0.625, 0.625 ]
        },
        "ground": {
            "rotation": [ 0, 0, 0 ],
            "translation": [ 0, 3, 0],
            "scale":[ 0.25, 0.25, 0.25 ]
        },
        "fixed": {
            "rotation": [ 0, 0, 0 ],
            "translation": [ 0, 0, 0],
            "scale":[ 0.5, 0.5, 0.5 ]
        },
        "thirdperson_righthand": {
            "rotation": [ 75, 45, 0 ],
            "translation": [ 0, 2.5, 0],
            "scale": [ 0.375, 0.375, 0.375 ]
        },
        "firstperson_righthand": {
            "rotation": [ 0, 45, 0 ],
            "translation": [ 0, 0, 0 ],
            "scale": [ 0.40, 0.40, 0.40 ]
        },
        "firstperson_lefthand": {
            "rotation": [ 0, 225, 0 ],
            "translation": [ 0, 0, 0 ],
            "scale": [ 0.40, 0.40, 0.40 ]
        }
    }
}