{
	"parent": "block/block",
    "__createdwith": "opl's Model Creator",
    "ambientocclusion": false,
    "textures": {
        "bouncingBetty": "securitycraft:block/bouncing_betty_active",
        "particle": "securitycraft:block/bouncing_betty_active"
    },
    "display": {
         "ground": {
            "rotation": [ 0, 0, 0 ],
            "translation": [ 0, 3, 0],
            "scale":[ 0.5, 0.5, 0.5 ]
        }
    },
    "elements": [
        {
            "from": [3,0,3],
            "to": [13,3,13],
            "faces": {
                "up": {
                    "texture": "#bouncingBetty"
                },
                "down": {
                    "texture": "#bouncingBetty",
                    "cullface": "down"
                },
                "west": {
                    "texture": "#bouncingBetty"
                },
                "east": {
                    "texture": "#bouncingBetty"
                },
                "north": {
                    "texture": "#bouncingBetty"
                },
                "south": {
                    "texture": "#bouncingBetty"
                }
            }
        }
    ]
}