{
    "parent": "block/block",
    "display": {
        "gui": {
            "rotation": [ 30, 135, 0 ],
            "translation": [ 0, 0, 0],
            "scale":[ 0.625, 0.625, 0.625 ]
        },
        "fixed": {
            "rotation": [ 0, 90, 0 ],
            "translation": [ 0, 0, 0],
            "scale":[ 0.5, 0.5, 0.5 ]
        }
    },
    "elements": [
        {   "from": [ 6, 0, 0 ],
            "to": [ 10, 16, 4 ],
            "faces": {
                "north": {"tintindex": 0, "uv": [0, 0, 4, 16], "texture": "#texture"},
                "east": {"tintindex": 0, "uv": [0, 0, 4, 16], "texture": "#texture"},
                "south": {"tintindex": 0, "uv": [0, 0, 4, 16], "texture": "#texture"},
                "west": {"tintindex": 0, "uv": [0, 0, 4, 16], "texture": "#texture"},
                "up": {"tintindex": 0, "uv": [4, 0, 8, 4], "texture": "#texture"},
                "down": {"tintindex": 0, "uv": [4, 0, 8, 4], "texture": "#texture", "cullface": "down"}
            },
            "__comment": "Left post"
        },
        {   "from": [ 6, 0, 12 ],
            "to": [ 10, 16, 16 ],
            "faces": {
                "north": {"tintindex": 0, "uv": [0, 0, 4, 16], "texture": "#texture"},
                "east": {"tintindex": 0, "uv": [0, 0, 4, 16], "texture": "#texture"},
                "south": {"tintindex": 0, "uv": [0, 0, 4, 16], "texture": "#texture"},
                "west": {"tintindex": 0, "uv": [0, 0, 4, 16], "texture": "#texture"},
                "up": {"tintindex": 0, "uv": [4, 0, 8, 4], "texture": "#texture"},
                "down": {"tintindex": 0, "uv": [4, 0, 8, 4], "texture": "#texture", "cullface": "down"}
            },
            "__comment": "Right post"
        },
        {   "from": [ 7, 12, 4 ],
            "to": [ 9, 15, 12 ],
            "faces": {
                "east": {"tintindex": 0, "uv": [8, 0, 16, 3], "texture": "#texture"},
                "west": {"tintindex": 0, "uv": [8, 0, 16, 3], "texture": "#texture"},
                "up": {"tintindex": 0, "uv": [11, 7, 13, 15], "texture": "#texture"},
                "down": {"tintindex": 0, "uv": [11, 15, 13, 7], "texture": "#texture"}
            },
            "__comment": "Top bar"
        },
        {   "from": [ 7, 12, -2 ],
            "to": [ 9, 15, 0 ],
            "faces": {
                "north": {"tintindex": 0, "uv": [13, 4, 15, 7], "texture": "#texture"},
                "east": {"tintindex": 0, "uv": [8, 0, 10, 3], "texture": "#texture"},
                "west": {"tintindex": 0, "uv": [8, 0, 10, 3], "texture": "#texture"},
                "up": {"tintindex": 0, "uv": [11, 7, 13, 9], "texture": "#texture"},
                "down": {"tintindex": 0, "uv": [11, 7, 13, 9], "texture": "#texture"}
            },
            "__comment": "Top bar left"
        },
        {   "from": [ 7, 12, 16 ],
            "to": [ 9, 15, 18 ],
            "faces": {
                "east": {"tintindex": 0, "uv": [14, 0, 16, 3], "texture": "#texture"},
                "south": {"tintindex": 0, "uv": [13, 4, 15, 7], "texture": "#texture"},
                "west": {"tintindex": 0, "uv": [14, 0, 16, 3], "texture": "#texture"},
                "up": {"tintindex": 0, "uv": [11, 13, 13, 15], "texture": "#texture"},
                "down": {"tintindex": 0, "uv": [11, 13, 13, 15], "texture": "#texture"}
            },
            "__comment": "Top bar right"
        },
        {   "from": [ 7, 6, 4 ],
            "to": [ 9, 9, 12 ],
            "faces": {
                "east": {"tintindex": 0, "uv": [8, 0, 16, 3], "texture": "#texture"},
                "west": {"tintindex": 0, "uv": [8, 0, 16, 3], "texture": "#texture"},
                "up": {"tintindex": 0, "uv": [11, 7, 13, 15], "texture": "#texture"},
                "down": {"tintindex": 0, "uv": [11, 15, 13, 7], "texture": "#texture"}
            },
            "__comment": "Lower bar"
        },
        {   "from": [ 7, 6, -2 ],
            "to": [ 9, 9, 0 ],
            "faces": {
                "north": {"tintindex": 0, "uv": [13, 4, 15, 7], "texture": "#texture"},
                "east": {"tintindex": 0, "uv": [8, 0, 10, 3], "texture": "#texture"},
                "west": {"tintindex": 0, "uv": [8, 0, 10, 3], "texture": "#texture"},
                "up": {"tintindex": 0, "uv": [11, 13, 13, 15], "texture": "#texture"},
                "down": {"tintindex": 0, "uv": [11, 13, 13, 15], "texture": "#texture"}
            },
            "__comment": "Lower bar left"
        },
        {   "from": [ 7, 6, 16 ],
            "to": [ 9, 9, 18 ],
            "faces": {
                "east": {"tintindex": 0, "uv": [14, 0, 16, 3], "texture": "#texture"},
                "south": {"tintindex": 0, "uv": [13, 4, 15, 7], "texture": "#texture"},
                "west": {"tintindex": 0, "uv": [14, 0, 16, 3], "texture": "#texture"},
                "up": {"tintindex": 0, "uv": [11, 13, 13, 15], "texture": "#texture"},
                "down": {"tintindex": 0, "uv": [11, 13, 13, 15], "texture": "#texture"}
            },
            "__comment": "Lower bar right"
        }
    ]
}
