{
	"parent": "block/block",
    "__createdwith": "opl's Model Creator",
    "ambientocclusion": false,
    "textures": {
        "ims": "securitycraft:block/ims",
        "particle": "securitycraft:block/ims"
    },
    "display": {
         "ground": {
            "rotation": [ 0, 0, 0 ],
            "translation": [ 0, 3, 0],
            "scale":[ 0.4, 0.4, 0.4 ]
        }
    },
    "elements": [
        {
            "from": [0,0,0],
            "to": [5,5,5],
            "faces": {
                "up": {
                    "uv": [2.5,0,5,2.5],
                    "texture": "#ims"
                },
                "down": {
                    "uv": [5,0,7.5,2.5],
                    "texture": "#ims",
                    "cullface": "down"
                },
                "west": {
                    "uv": [7.5,2.5,10,5],
                    "texture": "#ims"
                },
                "east": {
                    "uv": [7.5,2.5,10,5],
                    "texture": "#ims"
                },
                "north": {
                    "uv": [7.5,2.5,10,5],
                    "texture": "#ims"
                },
                "south": {
                    "uv": [7.5,2.5,10,5],
                    "texture": "#ims"
                }
            }
        },
        {
            "from": [4,0,5],
            "to": [12,7,11],
            "faces": {
                "up": {
                    "uv": [7,7.5,11,10.5],
                    "texture": "#ims"
                },
                "down": {
                    "uv": [7,7.5,11,10.5],
                    "texture": "#ims",
                    "cullface": "down"
                },
                "west": {
                    "uv": [7,10.5,10,14],
                    "texture": "#ims"
                },
                "east": {
                    "uv": [6.5,10.5,10.5,14],
                    "texture": "#ims"
                },
                "north": {
                    "uv": [6.5,10.5,11,14],
                    "texture": "#ims"
                },
                "south": {
                    "uv": [3.5,10.5,8.5,14],
                    "texture": "#ims"
                }
            }
        }
    ]
}