{
    "gui_light": "side",
	"display": {
        "gui": {
            "rotation": [ 30, 45, 0 ],
            "translation": [ 0, 0, 0],
            "scale":[ 0.625, 0.625, 0.625 ]
        },
        "ground": {
            "rotation": [ 0, 0, 0 ],
            "translation": [ 0, 3, 0],
            "scale":[ 0.25, 0.25, 0.25 ]
        },
        "fixed": {
            "rotation": [ 0, 0, 0 ],
            "translation": [ 0, 0, 0],
            "scale":[ 0.5, 0.5, 0.5 ]
        },
        "thirdperson_righthand": {
            "rotation": [ 75, 45, 0 ],
            "translation": [ 0, 2.5, 0],
            "scale": [ 0.375, 0.375, 0.375 ]
        },
        "firstperson_righthand": {
            "rotation": [ 0, 45, 0 ],
            "translation": [ 0, 0, 0 ],
            "scale": [ 0.40, 0.40, 0.40 ]
        },
        "firstperson_lefthand": {
            "rotation": [ 0, 225, 0 ],
            "translation": [ 0, 0, 0 ],
            "scale": [ 0.40, 0.40, 0.40 ]
        }
    },
    "elements": [
        {   "from": [ 0, 0, 0 ],
            "to": [ 16, 16, 16 ],
            "faces": {
                "down":  { "texture": "#bottom", "cullface": "down", "tintindex": 0 },
                "up":    { "texture": "#top", "cullface": "up", "tintindex": 0 },
                "north": { "texture": "#side", "cullface": "north", "tintindex": 0 },
                "south": { "texture": "#side", "cullface": "south", "tintindex": 0 },
                "west":  { "texture": "#side", "cullface": "west", "tintindex": 0 },
                "east":  { "texture": "#side", "cullface": "east", "tintindex": 0 }
            }
        }
    ],
    "textures": {
        "particle": "securitycraft:block/keypad_barrel_side",
        "bottom": "securitycraft:block/keypad_barrel_bottom",
        "side": "securitycraft:block/keypad_barrel_side",
        "top": "securitycraft:block/keypad_barrel_top"
    }
}