{
	"parent": "block/block",
	"ambientocclusion": false,
	"textures": {
		"particle": "create:block/brass_casing",
		"brass_casing": "create:block/brass_casing"
	},
	"elements": [
		{
			"from": [0, 0, 1],
			"to": [16, 16, 16],
			"faces": {
				"north": {"uv": [0, 0, 16, 16], "texture": "#brass_casing"},
				"east": {"uv": [0, 0, 15, 16], "texture": "#brass_casing"},
				"south": {"uv": [0, 0, 16, 16], "texture": "#brass_casing"},
				"west": {"uv": [1, 0, 16, 16], "texture": "#brass_casing"},
				"up": {"uv": [0, 1, 16, 16], "texture": "#brass_casing"},
				"down": {"uv": [0, 0, 16, 15], "texture": "#brass_casing"}
			}
		},
		{
			"from": [14, 0, 0],
			"to": [16, 16, 1],
			"faces": {
				"north": {"uv": [0, 0, 2, 16], "texture": "#brass_casing"},
				"east": {"uv": [15, 0, 16, 16], "texture": "#brass_casing"},
				"west": {"uv": [1, 2, 2, 14], "texture": "#brass_casing"},
				"up": {"uv": [14, 0, 16, 1], "texture": "#brass_casing"},
				"down": {"uv": [14, 15, 16, 16], "texture": "#brass_casing"}
			}
		},
		{
			"from": [0, 0, 0],
			"to": [2, 16, 1],
			"faces": {
				"north": {"uv": [14, 0, 16, 16], "texture": "#brass_casing"},
				"east": {"uv": [14, 2, 15, 14], "texture": "#brass_casing"},
				"west": {"uv": [0, 0, 1, 16], "texture": "#brass_casing"},
				"up": {"uv": [0, 0, 2, 1], "texture": "#brass_casing"},
				"down": {"uv": [0, 15, 2, 16], "texture": "#brass_casing"}
			}
		},
		{
			"from": [2, 14, 0],
			"to": [14, 16, 1],
			"faces": {
				"north": {"uv": [2, 0, 14, 2], "texture": "#brass_casing"},
				"east": {"uv": [15, 0, 16, 2], "texture": "#brass_casing"},
				"west": {"uv": [0, 0, 1, 2], "texture": "#brass_casing"},
				"up": {"uv": [2, 0, 14, 1], "texture": "#brass_casing"},
				"down": {"uv": [3, 2, 13, 3], "texture": "#brass_casing"}
			}
		},
		{
			"from": [2, 0, 0],
			"to": [14, 2, 1],
			"faces": {
				"north": {"uv": [2, 14, 14, 16], "texture": "#brass_casing"},
				"east": {"uv": [15, 14, 16, 16], "texture": "#brass_casing"},
				"west": {"uv": [0, 14, 1, 16], "texture": "#brass_casing"},
				"up": {"uv": [3, 13, 13, 14], "texture": "#brass_casing"},
				"down": {"uv": [2, 15, 14, 16], "texture": "#brass_casing"}
			}
		}
	]
}